Name,URL
おたこ,https://twitter.com/012345rty/status/1167769033984229377?s=20
鈴宮,https://twitter.com/szmy__/status/1167968073157988352
senchan,https://twitter.com/sncn_hn/status/1167789098930622466?s=20
Jigsaw,https://twitter.com/Jigsawpzl_/status/1167791024980164610?s=20
にしきた,https://twitter.com/Nishikita_SRK/status/1167798694466314240?s=20
ちょこつき,https://twitter.com/Late_Choco2357/status/1167801732144873473?s=20
しょこら,https://twitter.com/Chocolat_2495/status/1167802474532487168?s=20
あめまる○*,https://twitter.com/ame_maruchan/status/1167848424986705920?s=20
ぴくせる,https://twitter.com/PMGWork/status/1169218695794610178?s=20
アオイハル,https://twitter.com/aoe_spr/status/1169649111206776832?s=20
KinuMatsu,https://twitter.com/SilkPine_movie/status/1170477554135732224?s=20
ねむ,https://twitter.com/nemu_move/status/1182999847839752192?s=20
Mochi,https://twitter.com/coroke3/status/1215246921280839680?s=20
ブー,https://twitter.com/Boo_12_13_B/status/1218591395486691328?s=20
えゔぉど,https://twitter.com/evod_eizo/status/1223249145709748225?s=20
my0nruri,https://twitter.com/my0nruri/status/1243122000094085120?s=20
小佐野高春,https://twitter.com/HighSpringOsano/status/1312907687257014273?s=20
おかかだもやし,https://twitter.com/moyashi_999_/status/1338035160252436480?s=20
いがぐりﾟ。,https://twitter.com/amaguri_eizo/status/1339888524166721537?s=20
くーらーまもん,https://twitter.com/qurmbon/status/1373354080622452738?s=20