Display name,Username,Tweet URL
M1zAmE@二度寝店長,@M1zAmE,https://twitter.com/M1zAmE/status/1407140187470131205
いがぐり,@amaguri_eizo,https://twitter.com/amaguri_eizo/status/1365244531885531138
LOGIKKu,@logikku1,https://twitter.com/logikku1/status/1359120075488329731
ふじさん,@fujisan_142532,https://twitter.com/fujisan_142532/status/1359039309454606338
やつき,@yatsuki_irohas,https://twitter.com/yatsuki_irohas/status/1330791687187165184
みるく,@MilK7G,https://twitter.com/MilK7G/status/1305446219703967745
するとば,@surutoba,https://twitter.com/surutoba/status/1284787642538704897
さくら,@Sqkurq__,https://twitter.com/Sqkurq__/status/1283041527426682881
鹿目/kaname,@kaname_motion,https://twitter.com/kaname_motion/status/1280162432304832512
nekosora,@nksr64,https://twitter.com/nksr64/status/1280116647932522498
だっぴー,@_Dappy__,https://twitter.com/_Dappy__/status/1280043953476132865
となり,@tngn96,https://twitter.com/tngn96/status/1279802917533278208
巨大チワワ,@ioeaiuo,https://twitter.com/ioeaiuo/status/1279746433415966727
おたこ,@012345rty,https://twitter.com/012345rty/status/1279744037293944832
じゃがいも,@jagaimo1020,https://twitter.com/jagaimo1020/status/1279714137023504386
青えんぴつ,@Aoempitsu,https://twitter.com/Aoempitsu/status/1279687145267933184
①,@yasai0827,https://twitter.com/yasai0827/status/1279585447354593281
ハセガワ︎︎,@hsgwa,https://twitter.com/hsgwa/status/1279448154266464257
猫愛《ねあ》,@NeAc_,https://twitter.com/NeAc_/status/1279439207115583488
りび,@rivi_mtqr,https://twitter.com/rivi_mtqr/status/1279426512035274753
Mochi,@coroke3,https://twitter.com/coroke3/status/1279420839021047811
syu6.css,@syu6noob,https://twitter.com/syu6noob/status/1279403902341791744
RT,@Underta55186604,https://twitter.com/Underta55186604/status/1279400077123977217
yuneyune@依頼募集,@yuneyunemovie,https://twitter.com/yuneyunemovie/status/1279399106792710145
CRCR,@CRCRexe,https://twitter.com/CRCRexe/status/1279389230125309952
オムカ,@rexmeltykiss,https://twitter.com/rexmeltykiss/status/1279372690743152641